{
    "records": {},
    "discord.py": {
        "original": {
            "time": [
                0.2084590920003393,
                0.19344376499975624,
                0.205994288000511
            ],
            "memory": [
                0.2084590920003393,
                0.19344376499975624,
                0.205994288000511
            ]
        },
        "transformed": {
            "time": [
                0.18939510699965467,
                0.19077163399924757,
                0.19638779500019155
            ],
            "memory": [
                0.18939510699965467,
                0.19077163399924757,
                0.19638779500019155
            ]
        }
    },
    "InstaPy": {
        "original": {
            "time": [
                0.19589105700106302,
                0.19394854700112774,
                0.18892809400131227
            ],
            "memory": [
                0.19589105700106302,
                0.19394854700112774,
                0.18892809400131227
            ]
        },
        "transformed": {
            "time": [
                0.19584503199985193,
                0.19690962599997874,
                0.19384290800007875
            ],
            "memory": [
                0.19584503199985193,
                0.19690962599997874,
                0.19384290800007875
            ]
        }
    }
}